Use MedDb;
INSERT INTO Plots([Name]) VALUES(85),(87),(98),(88),(52),(41),(74),(63),(80),(80),(99),(2),(94),(9),(30),(89),(53),(32),(80),(68),(39),(11),(47),(79),(28),(33),(89),(11),(34),(19),(12),(66),(4),(11),(46),(98),(75),(38),(93),(1),(21),(7),(45),(38),(52),(39),(74),(72),(7),(88),(82),(92),(87),(9),(7),(88),(49),(43),(99),(15),(7),(9),(97),(40),(31),(11),(13),(87),(96),(89),(91),(20),(100),(70),(23),(25),(50),(64),(81),(47),(82),(32),(15),(83),(87),(24),(49),(65),(29),(24),(6),(60),(76),(8),(61),(61),(22),(81),(86),(15);
INSERT INTO Positions([Title]) VALUES('sem.'),('ut'),('Aliquam'),('ipsum'),('dapibus'),('Donec'),('ipsum.'),('risus'),('Sed'),('nisi.'),('at'),('tincidunt'),('in'),('tellus.'),('sed'),('lectus'),('cursus'),('imperdiet'),('magna.'),('mollis.'),('Mauris'),('eget'),('Duis'),('arcu.'),('felis.'),('erat.'),('eget'),('montes,'),('lacus,'),('tempor'),('porttitor'),('rutrum'),('eros'),('semper.'),('pharetra.'),('sit'),('neque'),('in'),('mauris'),('dui'),('amet,'),('libero.'),('cursus'),('vel'),('Fusce'),('tellus,'),('lacus.'),('fringilla'),('consectetuer,'),('non,'),('ac'),('Nunc'),('mattis.'),('adipiscing'),('Maecenas'),('nisl'),('placerat,'),('fringilla'),('leo'),('mus.'),('adipiscing'),('eu,'),('elementum'),('vulputate,'),('iaculis'),('nascetur'),('bibendum'),('accumsan'),('scelerisque,'),('vel'),('mollis'),('ac'),('a,'),('in,'),('mus.'),('turpis'),('ultrices.'),('rutrum.'),('non'),('eleifend'),('ultricies'),('ut'),('a,'),('enim.'),('vel,'),('purus'),('a,'),('ornare'),('amet,'),('fringilla'),('nunc'),('massa.'),('ornare,'),('commodo'),('iaculis'),('nulla'),('eros.'),('Curae;'),('scelerisque,'),('morbi');
INSERT INTO Wards([Name]) VALUES('arcu.'),('nec'),('dictum'),('Donec'),('elit'),('felis.'),('tristique'),('auctor'),('nec'),('ornare,'),('porttitor'),('enim.'),('libero'),('Vivamus'),('consectetuer,'),('arcu'),('Lorem'),('Donec'),('Etiam'),('sociis'),('scelerisque'),('Donec'),('fermentum'),('ac'),('hendrerit'),('dictum'),('Duis'),('lacus.'),('condimentum'),('Fusce'),('Aenean'),('molestie'),('vehicula.'),('malesuada'),('nulla.'),('gravida.'),('tempus'),('neque.'),('facilisis'),('eu,'),('auctor'),('tellus'),('mollis.'),('Cras'),('urna,'),('arcu'),('laoreet'),('eget'),('nibh.'),('Cum'),('mauris'),('sapien,'),('Ut'),('ipsum'),('pede'),('leo'),('ac'),('mus.'),('accumsan'),('Sed'),('pede'),('tempor'),('adipiscing'),('non'),('amet,'),('adipiscing'),('orci.'),('arcu.'),('eu'),('Pellentesque'),('Fusce'),('torquent'),('sed'),('pellentesque'),('est.'),('neque'),('aliquam'),('ac'),('in,'),('Phasellus'),('convallis'),('consequat'),('viverra.'),('consequat'),('Cras'),('Suspendisse'),('urna.'),('ipsum'),('dictum'),('erat,'),('metus.'),('elit'),('natoque'),('Proin'),('convallis'),('vestibulum.'),('senectus'),('Aenean'),('scelerisque'),('placerat,');
INSERT INTO Diagnoses([Name],[Group],[Stage]) VALUES('pellentesque','pellentesque. Sed',3),('nisi.','Pellentesque habitant',2),('vitae','Vivamus euismod',4),('pede','Etiam imperdiet',3),('Donec','nec orci.',2),('urna','tincidunt pede',1),('cubilia','amet lorem',2),('mollis','a, enim.',1),('dignissim','odio. Etiam',3),('tempor','bibendum fermentum',2),('ac','varius. Nam',1),('malesuada','Ut tincidunt',1),('placerat','sed turpis',4),('lorem','a, auctor',5),('eu,','Sed nulla',5),('eu','vel est',2),('pharetra','auctor non,',3),('nisi.','ut, molestie',2),('semper','mauris sapien,',2),('feugiat.','eget ipsum.',5),('feugiat','sem. Nulla',5),('convallis','Curae; Donec',1),('Cras','eu, ultrices',4),('sit','imperdiet nec,',2),('dolor','nec urna',4),('hymenaeos.','magna. Suspendisse',1),('egestas','Etiam laoreet,',1),('neque','luctus lobortis.',2),('in','mattis semper,',5),('Donec','Aliquam tincidunt,',1),('nisi','Cras sed',4),('lorem','a, malesuada',5),('orci','orci, in',4),('sapien.','est arcu',4),('lacus.','auctor quis,',2),('sociis','tempor erat',5),('vulputate','mi tempor',4),('auctor.','feugiat nec,',4),('ipsum','et netus',2),('consequat','vehicula aliquet',5),('senectus','aliquet vel,',2),('dictum','Quisque varius.',5),('nisl.','pellentesque massa',3),('dolor','at, velit.',5),('semper','viverra. Donec',3),('tristique','magna. Praesent',1),('quam.','ornare lectus',3),('Vivamus','Morbi neque',3),('Lorem','diam. Proin',2),('neque.','cursus a,',4),('lectus','leo. Morbi',4),('eu,','Etiam ligula',4),('Etiam','amet ornare',5),('libero.','amet, risus.',1),('Duis','arcu. Sed',4),('Donec','sit amet',1),('eleifend','inceptos hymenaeos.',4),('fringilla','eu lacus.',3),('nibh.','nulla. In',5),('eget,','consectetuer adipiscing',3),('mollis','diam. Duis',1),('suscipit,','quam a',4),('montes,','molestie in,',1),('tristique','Nulla tempor',1),('fringilla.','tempus scelerisque,',2),('aliquam','sapien. Nunc',2),('Curabitur','tempus risus.',1),('blandit.','mollis. Phasellus',3),('commodo','ante blandit',3),('mollis','dolor egestas',1),('In','quam. Curabitur',3),('Aenean','lacus. Nulla',3),('Nunc','Nunc ut',1),('mauris','consectetuer adipiscing',5),('dapibus','scelerisque dui.',1),('lectus','dolor elit,',1),('arcu.','Pellentesque habitant',5),('adipiscing','sapien, cursus',5),('ut','montes, nascetur',5),('sodales','lacus. Aliquam',3),('Integer','purus. Nullam',5),('non,','Morbi quis',4),('Cras','sem. Pellentesque',4),('risus,','interdum enim',2),('vitae','eu nibh',2),('Ut','massa rutrum',1),('turpis.','dapibus quam',5),('pharetra','nunc sed',3),('scelerisque','libero. Proin',2),('magna,','Phasellus ornare.',1),('velit.','nulla magna,',3),('mollis','mauris erat',4),('sem,','gravida sagittis.',3),('risus.','tristique pellentesque,',4),('risus.','interdum ligula',4),('elit','eros. Nam',2),('eu,','egestas. Aliquam',5),('blandit','eu odio',2),('tortor','at auctor',4),('non','magna, malesuada',1);
INSERT INTO Patients([Name],[BornDate],[Address],[CardNumber],[PlotId]) VALUES('Pugh','1955-08-23','Andhra Pradesh',85,1),('Blackwell','2008-05-23','CO',70,2),('Hinton','2000-05-22','BE',20,3),('Robbins','1991-05-02','PU',73,4),('Mcgowan','1997-10-03','Diy',92,5),('Crawford','1956-06-26','Leinster',32,6),('Kent','1977-03-29','NU',21,7),('Wiley','1976-05-08','Jambi',42,8),('Burch','1975-02-11','North Island',14,9),('Wiley','1967-03-06','NA',70,10),('Dean','2004-12-17','Arequipa',42,11),('Craft','1962-07-10','Gye',9,12),('Bentley','1969-12-22','Nevada',40,13),('Cabrera','1989-12-12','G',55,14),('Holcomb','1965-02-08','MI',99,15),('Diaz','1980-07-01','PR',62,16),('Howell','2003-07-05','Ontario',28,17),('Rutledge','1995-03-13','LA',6,18),('Lott','2010-05-25','CO',29,19),('Daugherty','2008-09-16','Sl?skie',48,20),('Fox','2004-08-18','West-Vlaanderen',50,21),('Pate','1982-06-24','BT',92,22),('Fulton','1989-05-28','Utrecht',96,23),('Hancock','1987-06-14','KIR',99,24),('Dejesus','1981-05-26','MA',85,25),('Phillips','1983-04-27','VII',14,26),('Lindsay','1992-12-08','Paraná',73,27),('Dalton','2010-01-26','OV',10,28),('Silva','1983-06-01','Vienna',28,29),('Armstrong','1966-12-26','West Lothian',31,30),('Reid','1997-04-26','East Nusa Tenggara',92,31),('Morris','1979-03-02','North Island',15,32),('Benjamin','1988-07-08','Idaho',78,33),('Everett','1958-03-27','CUS',4,34),('Russo','1999-10-13','NSW',15,35),('Cain','1997-11-28','Rutland',32,36),('Baxter','1967-02-06','BE',82,37),('Merrill','1987-07-27','Novosibirsk Oblast',45,38),('Boyle','1968-09-11','Katsina',77,39),('Contreras','2004-08-05','Gye',34,40),('Dillard','2017-08-10','SL',71,41),('Rowe','1965-11-09','Stockholms län',99,42),('Rojas','1963-11-02','Illinois',29,43),('Vinson','1984-02-14','Colorado',21,44),('Guthrie','1988-06-16','VII',41,45),('Barnett','2001-08-07','Metropolitana de Santiago',86,46),('Doyle','1982-10-19','HA',98,47),('Fox','1964-07-28','Leinster',93,48),('Dillon','1988-12-07','N.',34,49),('Mcdowell','1989-01-20','Buckinghamshire',77,50),('Rollins','1987-05-05','Puebla',48,51),('Eaton','1978-08-02','Oost-Vlaanderen',63,52),('Mitchell','1985-03-15','Alajuela',3,53),('Molina','2018-01-18','Gyeonggi',31,54),('Frederick','1983-12-14','ARE',37,55),('Maynard','2011-09-10','OV',29,56),('Wise','2003-11-25','Saarland',47,57),('Austin','1985-03-21','C',34,58),('Mueller','1990-07-30','Jal',57,59),('Rhodes','2011-08-04','GJ',40,60),('Levine','2010-11-25','Uttar Pradesh',72,61),('Bryant','1985-04-29','CL',15,62),('Perry','1968-04-19','Île-de-France',90,63),('Reeves','1994-10-30','MA',39,64),('Alexander','1966-07-16','Metropolitana de Santiago',76,65),('Calhoun','1961-01-22','Wie',25,66),('Pace','1985-07-13','South Island',97,67),('Atkins','1968-11-18','North Island',93,68),('Hodge','2009-09-16','Istanbul',38,69),('Wong','2010-07-20','TOS',43,70),('Herman','1985-05-28','Ontario',51,71),('Mcmillan','1984-08-20','NI',3,72),('Perez','1957-11-12','Provence-Alpes-Côte d''Azur',100,73),('Knowles','1965-08-11','NI',25,74),('Pruitt','1970-12-31','BL',41,75),('Kaufman','1965-05-04','JB',38,76),('Grant','2008-06-08','II',86,77),('Mckinney','1988-01-05','Ma?opolskie',20,78),('Ford','1987-05-27','BE',7,79),('Morrison','1961-08-11','WV',39,80),('Underwood','2007-12-02','VIC',79,81),('Sheppard','1972-04-09','Metropolitana de Santiago',62,82),('Lancaster','2012-12-19','Overijssel',43,83),('Gonzales','2016-05-07','Punjab',85,84),('Powell','1961-11-20','Azad Kashmir',58,85),('Walton','1966-03-31','Pomorskie',84,86),('Blair','1970-05-14','Dolno?l?skie',58,87),('Leonard','1973-01-28','Puno',23,88),('Waters','2015-04-10','O',99,89),('Buckley','1995-05-23','Oost-Vlaanderen',35,90),('Rodriguez','2007-06-04','OX',12,91),('Sharp','1986-06-21','Connacht',19,92),('William','1996-12-28','Metropolitana de Santiago',53,93),('Bullock','2004-06-07','PA',24,94),('Flynn','1969-03-08','H',85,95),('Owen','2018-08-15','KE',34,96),('Tyler','1955-06-25','Vienna',94,97),('Dennis','1954-04-25','Pará',99,98),('Dyer','1966-02-26','Munster',33,99),('Raymond','1986-06-21','O',6,100);
INSERT INTO Employees([Name],[ContactPhone]) VALUES('Walter','375-29-712-7808'),('Emerson','375-29-330-5349'),('Cash','375-29-827-4847'),('Coleman','375-29-149-0880'),('Wilkerson','375-29-385-2740'),('Floyd','375-29-205-1900'),('Bates','375-29-769-2369'),('Maxwell','375-29-238-8184'),('Alvarez','375-29-930-2927'),('Johns','375-29-113-6956'),('King','375-29-185-9298'),('Bowen','375-29-440-1704'),('Lynch','375-29-714-2011'),('Holman','375-29-354-5950'),('Hodges','375-29-839-6609'),('Hill','375-29-846-7847'),('Rivera','375-29-562-4542'),('Carson','375-29-647-0822'),('Palmer','375-29-609-3569'),('Richards','375-29-892-5268'),('Vincent','375-29-718-3247'),('Morrison','375-29-592-6989'),('Lowery','375-29-110-7554'),('Lopez','375-29-628-2526'),('Fuentes','375-29-952-4589'),('Holloway','375-29-812-5443'),('Harris','375-29-126-2777'),('Lynch','375-29-814-4514'),('Torres','375-29-935-6205'),('Wolf','375-29-130-3974'),('Ortiz','375-29-173-9809'),('Jenkins','375-29-832-5742'),('Henderson','375-29-739-0052'),('Mclean','375-29-577-5963'),('Berg','375-29-292-0536'),('Graves','375-29-363-4347'),('Gilbert','375-29-947-3424'),('Pope','375-29-441-7121'),('Montgomery','375-29-478-1034'),('Glenn','375-29-294-7711'),('Mclaughlin','375-29-856-0328'),('Romero','375-29-681-4938'),('Booker','375-29-184-7809'),('Morrow','375-29-881-3389'),('Becker','375-29-321-5110'),('Orr','375-29-560-3044'),('Kirk','375-29-540-7863'),('Stephenson','375-29-205-1706'),('Kidd','375-29-476-5391'),('Hopkins','375-29-140-6270'),('Wilkins','375-29-332-1172'),('Kerr','375-29-100-8238'),('Cameron','375-29-841-7461'),('Thomas','375-29-980-1960'),('Levy','375-29-598-8902'),('Graves','375-29-328-7416'),('Johnston','375-29-519-1910'),('Vinson','375-29-901-5202'),('Powers','375-29-828-2602'),('Monroe','375-29-770-3560'),('Carrillo','375-29-667-6674'),('Fischer','375-29-585-9686'),('Sykes','375-29-257-9456'),('Dunlap','375-29-872-3638'),('Cross','375-29-263-3735'),('Molina','375-29-360-3791'),('Maldonado','375-29-434-1939'),('Molina','375-29-398-6942'),('Combs','375-29-340-9185'),('House','375-29-552-7762'),('Wilkins','375-29-116-4668'),('Winters','375-29-362-1614'),('Adkins','375-29-976-3450'),('Gonzalez','375-29-770-3955'),('Castillo','375-29-893-7623'),('Mann','375-29-574-5929'),('Valdez','375-29-229-4537'),('Ramsey','375-29-666-8857'),('Berry','375-29-610-8520'),('Hebert','375-29-330-3091'),('Strickland','375-29-636-0770'),('Mckay','375-29-272-7670'),('Callahan','375-29-912-2959'),('Ewing','375-29-212-8241'),('Silva','375-29-131-4388'),('Ryan','375-29-982-6965'),('Ramos','375-29-217-5396'),('Weeks','375-29-866-6188'),('Hickman','375-29-495-7274'),('Conway','375-29-351-4337'),('Blackburn','375-29-942-8742'),('Cortez','375-29-225-0084'),('Puckett','375-29-605-3161'),('Estes','375-29-526-4563'),('Mcbride','375-29-609-2064'),('Donovan','375-29-420-4141'),('Fletcher','375-29-378-3804'),('Morrow','375-29-101-4294'),('Rich','375-29-993-9068'),('Valencia','375-29-217-7952');
INSERT INTO InspectionTypes([Name]) VALUES('enim,'),('Proin'),('aliquam'),('scelerisque'),('Proin'),('rhoncus.'),('purus'),('tincidunt'),('risus.'),('a'),('Morbi'),('eu'),('id,'),('dictum.'),('suscipit'),('auctor'),('magna'),('est,'),('lacus'),('sit'),('dictum.'),('ac'),('vel,'),('metus'),('sed'),('Nulla'),('ullamcorper,'),('iaculis'),('eu'),('vulputate'),('nunc.'),('auctor'),('libero.'),('Ut'),('dignissim'),('Cras'),('mauris'),('iaculis'),('egestas'),('sapien.'),('Maecenas'),('dignissim'),('sed'),('ultrices.'),('arcu.'),('posuere'),('non,'),('eget,'),('neque'),('a'),('habitant'),('Nulla'),('odio.'),('Donec'),('pede'),('mauris'),('inceptos'),('Aenean'),('In'),('egestas'),('taciti'),('Class'),('mi'),('neque.'),('Cum'),('Fusce'),('lobortis'),('Fusce'),('pharetra'),('elementum,'),('tincidunt'),('Nulla'),('rhoncus'),('et,'),('dui'),('nulla.'),('Quisque'),('at'),('a'),('Phasellus'),('convallis'),('quis'),('posuere'),('orci,'),('Suspendisse'),('commodo'),('eu'),('Cum'),('ligula.'),('cursus'),('non,'),('nulla.'),('Fusce'),('Phasellus'),('in'),('montes,'),('Nunc'),('sapien,'),('mi'),('ipsum');
INSERT INTO Medications([Name],[Cost]) VALUES('semper egestas,',27),('ultrices sit',4),('nascetur ridiculus',51),('porttitor interdum.',21),('risus, at',66),('lobortis tellus',82),('enim. Etiam',4),('rhoncus. Proin',83),('dis parturient',45),('augue id',60),('rhoncus id,',13),('mauris sit',32),('dui nec',37),('magna. Suspendisse',76),('velit. Quisque',77),('mollis vitae,',48),('ac tellus.',80),('dictum cursus.',75),('odio. Aliquam',69),('sagittis. Duis',63),('porttitor vulputate,',81),('amet ante.',2),('leo. Vivamus',82),('ac urna.',62),('lacinia vitae,',88),('quis diam.',2),('Cum sociis',66),('a mi',82),('neque. Sed',89),('aliquet nec,',53),('egestas blandit.',94),('sagittis. Nullam',11),('penatibus et',34),('et magnis',11),('eu neque',61),('ipsum. Phasellus',54),('fermentum metus.',69),('ullamcorper. Duis',65),('hendrerit. Donec',83),('nunc interdum',57),('leo elementum',13),('Nullam ut',12),('blandit at,',68),('dolor. Donec',79),('massa. Integer',33),('mauris. Morbi',24),('odio. Aliquam',62),('sodales elit',25),('Sed pharetra,',5),('eget, volutpat',96),('Cum sociis',10),('iaculis quis,',51),('Proin sed',65),('neque. Sed',97),('massa. Vestibulum',84),('purus. Maecenas',19),('varius ultrices,',49),('Sed eu',87),('pellentesque. Sed',19),('velit. Quisque',56),('mus. Donec',70),('Phasellus elit',83),('augue porttitor',22),('sollicitudin a,',98),('nulla. Integer',80),('justo faucibus',49),('et, commodo',30),('adipiscing ligula.',70),('nec urna',42),('semper pretium',77),('tellus. Suspendisse',94),('dictum mi,',10),('ipsum leo',42),('velit in',89),('ut mi.',41),('sed libero.',80),('Sed et',5),('mattis velit',40),('varius orci,',92),('magnis dis',21),('rhoncus. Nullam',91),('libero mauris,',7),('sed tortor.',89),('nisi. Mauris',9),('orci luctus',46),('Proin velit.',5),('eu eros.',19),('habitant morbi',54),('sed, est.',41),('dictum eu,',97),('Donec egestas.',76),('fermentum vel,',46),('placerat eget,',84),('orci quis',19),('congue a,',39),('ac, fermentum',69),('et, lacinia',11),('vitae nibh.',47),('porttitor interdum.',72),('mauris sit',97);
INSERT INTO Inspections([Date],[InspectionId]) VALUES('2020-11-07',1),('2021-10-04',2),('2020-06-24',3),('2020-03-21',4),('2021-04-01',5),('2020-02-16',6),('2021-06-18',7),('2021-03-22',8),('2020-02-26',9),('2021-09-07',10),('2021-01-30',11),('2021-03-20',12),('2021-01-27',13),('2020-07-28',14),('2020-06-23',15),('2021-02-03',16),('2019-12-14',17),('2021-02-01',18),('2020-05-19',19),('2020-11-24',20),('2021-06-28',21),('2021-03-11',22),('2020-06-25',23),('2020-06-01',24),('2020-12-08',25),('2021-05-08',26),('2020-05-27',27),('2021-04-27',28),('2021-02-08',29),('2021-02-02',30),('2020-02-19',31),('2021-02-22',32),('2021-03-22',33),('2021-09-25',34),('2020-08-16',35),('2020-12-07',36),('2021-02-10',37),('2021-04-19',38),('2020-01-11',39),('2020-12-07',40),('2021-06-22',41),('2020-02-25',42),('2021-04-21',43),('2020-03-05',44),('2020-07-03',45),('2021-02-01',46),('2020-02-19',47),('2021-07-16',48),('2020-11-16',49),('2020-01-06',50),('2021-05-30',51),('2020-09-24',52),('2021-06-07',53),('2021-09-04',54),('2021-02-04',55),('2020-10-21',56),('2020-01-18',57),('2021-03-17',58),('2020-03-03',59),('2021-04-21',60),('2021-01-18',61),('2020-07-03',62),('2020-11-25',63),('2020-03-27',64),('2021-01-24',65),('2020-08-13',66),('2020-10-28',67),('2021-08-04',68),('2021-07-31',69),('2021-08-20',70),('2021-07-25',71),('2019-12-28',72),('2020-02-02',73),('2021-11-26',74),('2021-03-06',75),('2020-06-29',76),('2019-12-14',77),('2020-02-22',78),('2021-09-09',79),('2021-06-14',80),('2020-07-31',81),('2020-11-14',82),('2020-10-03',83),('2021-05-19',84),('2020-06-12',85),('2020-06-14',86),('2020-02-18',87),('2020-02-29',88),('2021-01-26',89),('2021-01-30',90),('2021-10-23',91),('2021-09-16',92),('2020-08-25',93),('2020-10-09',94),('2021-09-10',95),('2019-12-20',96),('2020-07-30',97),('2020-09-04',98),('2020-07-22',99),('2020-01-30',100);

INSERT INTO DiagnosesToPatients([DiagnosisId],[PatientId]) VALUES(1,4),(2,5),(3,6),(4,7),(5,8),(6,9),(7,10),(8,11),(9,12),(10,13),(11,14),(12,15),(13,16),(14,17),(15,18),(16,19),(17,20),(18,21),(19,22),(20,23),(21,24),(22,25),(23,26),(24,27),(25,28),(26,29),(27,30),(28,31),(29,32),(30,33),(31,34),(32,35),(33,36),(34,37),(35,38),(36,39),(37,40),(38,41),(39,42),(40,43),(41,44),(42,45),(43,46),(44,47),(45,48),(46,49),(47,50),(48,51),(49,52),(50,53),(51,54),(52,55),(53,56),(54,57),(55,58),(56,59),(57,60),(58,61),(59,62),(60,63),(61,64),(62,65),(63,66),(64,67),(65,68),(66,69),(67,70),(68,71),(69,72),(70,73),(71,74),(72,75),(73,76),(74,77),(75,78),(76,79),(77,80),(78,81),(79,82),(80,83),(81,84),(82,85),(83,86),(84,87),(85,88),(86,89),(87,90),(88,91),(89,92),(90,93),(91,94),(92,95),(93,96),(94,97),(95,98),(96,99),(97,100),(98,101),(99,102),(100,103);
INSERT INTO EmployeesToInspections([EmployeeId],[InspectionId]) VALUES(1,1),(2,2),(3,3),(4,4),(5,5),(6,6),(7,7),(8,8),(9,9),(10,10),(11,11),(12,12),(13,13),(14,14),(15,15),(16,16),(17,17),(18,18),(19,19),(20,20),(21,21),(22,22),(23,23),(24,24),(25,25),(26,26),(27,27),(28,28),(29,29),(30,30),(31,31),(32,32),(33,33),(34,34),(35,35),(36,36),(37,37),(38,38),(39,39),(40,40),(41,41),(42,42),(43,43),(44,44),(45,45),(46,46),(47,47),(48,48),(49,49),(50,50),(51,51),(52,52),(53,53),(54,54),(55,55),(56,56),(57,57),(58,58),(59,59),(60,60),(61,61),(62,62),(63,63),(64,64),(65,65),(66,66),(67,67),(68,68),(69,69),(70,70),(71,71),(72,72),(73,73),(74,74),(75,75),(76,76),(77,77),(78,78),(79,79),(80,80),(81,81),(82,82),(83,83),(84,84),(85,85),(86,86),(87,87),(88,88),(89,89),(90,90),(91,91),(92,92),(93,93),(94,94),(95,95),(96,96),(97,97),(98,98),(99,99),(100,100);
INSERT INTO EmployeesToPositions([EmployeeId],[PositionId]) VALUES(1,1),(2,2),(3,3),(4,4),(5,5),(6,6),(7,7),(8,8),(9,9),(10,10),(11,11),(12,12),(13,13),(14,14),(15,15),(16,16),(17,17),(18,18),(19,19),(20,20),(21,21),(22,22),(23,23),(24,24),(25,25),(26,26),(27,27),(28,28),(29,29),(30,30),(31,31),(32,32),(33,33),(34,34),(35,35),(36,36),(37,37),(38,38),(39,39),(40,40),(41,41),(42,42),(43,43),(44,44),(45,45),(46,46),(47,47),(48,48),(49,49),(50,50),(51,51),(52,52),(53,53),(54,54),(55,55),(56,56),(57,57),(58,58),(59,59),(60,60),(61,61),(62,62),(63,63),(64,64),(65,65),(66,66),(67,67),(68,68),(69,69),(70,70),(71,71),(72,72),(73,73),(74,74),(75,75),(76,76),(77,77),(78,78),(79,79),(80,80),(81,81),(82,82),(83,83),(84,84),(85,85),(86,86),(87,87),(88,88),(89,89),(90,90),(91,91),(92,92),(93,93),(94,94),(95,95),(96,96),(97,97),(98,98),(99,99),(100,100);
INSERT INTO EmployeesToWards([EmployeeId],[WardId]) VALUES(1,1),(2,2),(3,3),(4,4),(5,5),(6,6),(7,7),(8,8),(9,9),(10,10),(11,11),(12,12),(13,13),(14,14),(15,15),(16,16),(17,17),(18,18),(19,19),(20,20),(21,21),(22,22),(23,23),(24,24),(25,25),(26,26),(27,27),(28,28),(29,29),(30,30),(31,31),(32,32),(33,33),(34,34),(35,35),(36,36),(37,37),(38,38),(39,39),(40,40),(41,41),(42,42),(43,43),(44,44),(45,45),(46,46),(47,47),(48,48),(49,49),(50,50),(51,51),(52,52),(53,53),(54,54),(55,55),(56,56),(57,57),(58,58),(59,59),(60,60),(61,61),(62,62),(63,63),(64,64),(65,65),(66,66),(67,67),(68,68),(69,69),(70,70),(71,71),(72,72),(73,73),(74,74),(75,75),(76,76),(77,77),(78,78),(79,79),(80,80),(81,81),(82,82),(83,83),(84,84),(85,85),(86,86),(87,87),(88,88),(89,89),(90,90),(91,91),(92,92),(93,93),(94,94),(95,95),(96,96),(97,97),(98,98),(99,99),(100,100);
INSERT INTO InspectionsToPatients([InspectionId],[PatientId]) VALUES(1,4),(2,5),(3,6),(4,7),(5,8),(6,9),(7,10),(8,11),(9,12),(10,13),(11,14),(12,15),(13,16),(14,17),(15,18),(16,19),(17,20),(18,21),(19,22),(20,23),(21,24),(22,25),(23,26),(24,27),(25,28),(26,29),(27,30),(28,31),(29,32),(30,33),(31,34),(32,35),(33,36),(34,37),(35,38),(36,39),(37,40),(38,41),(39,42),(40,43),(41,44),(42,45),(43,46),(44,47),(45,48),(46,49),(47,50),(48,51),(49,52),(50,53),(51,54),(52,55),(53,56),(54,57),(55,58),(56,59),(57,60),(58,61),(59,62),(60,63),(61,64),(62,65),(63,66),(64,67),(65,68),(66,69),(67,70),(68,71),(69,72),(70,73),(71,74),(72,75),(73,76),(74,77),(75,78),(76,79),(77,80),(78,81),(79,82),(80,83),(81,84),(82,85),(83,86),(84,87),(85,88),(86,89),(87,90),(88,91),(89,92),(90,93),(91,94),(92,95),(93,96),(94,97),(95,98),(96,99),(97,100),(98,101),(99,102),(100,103);
INSERT INTO MedicationsToPatients([MedicamentId],[PatientId]) VALUES(2,4),(3,5),(4,6),(5,7),(6,8),(7,9),(8,10),(9,11),(10,12),(11,13),(12,14),(13,15),(14,16),(15,17),(16,18),(17,19),(18,20),(19,21),(20,22),(21,23),(22,24),(23,25),(24,26),(25,27),(26,28),(27,29),(28,30),(29,31),(30,32),(31,33),(32,34),(33,35),(34,36),(35,37),(36,38),(37,39),(38,40),(39,41),(40,42),(41,43),(42,44),(43,45),(44,46),(45,47),(46,48),(47,49),(48,50),(49,51),(50,52),(51,53),(52,54),(53,55),(54,56),(55,57),(56,58),(57,59),(58,60),(59,61),(60,62),(61,63),(62,64),(63,65),(64,66),(65,67),(66,68),(67,69),(68,70),(69,71),(70,72),(71,73),(72,74),(73,75),(74,76),(75,77),(76,78),(77,79),(78,80),(79,81),(80,82),(81,83),(82,84),(83,85),(84,86),(85,87),(86,88),(87,89),(88,90),(89,91),(90,92),(91,93),(92,94),(93,95),(94,96),(95,97),(96,98),(97,99),(98,100),(99,101),(100,102),(101,103);
